{
  "pages": [
    {"path" : "/manage/users", "roles": [ "CUSTOMER", "ADMIN", "SUPERADMIN"]},
    {"path" : "/manage/taxonomy", "roles": [ "RECRUITING_MANAGER", "RECRUITER", "CUSTOMER", "SUPERADMIN", "TAXONOMY_MANAGER"]},
    {"path" : "/customer", "roles": [ "CUSTOMER", "SUPERADMIN", "ADMIN" ]},
    {"path" : "/recruiter", "roles": ["RECRUITING_MANAGER", "RECRUITER", "SUPERADMIN", "ADMIN" ]}
  ],
  "actions": [
    {"action_type": "team", "roles": [ "CUSTOMER", "ADMIN", "SUPERADMIN"]},
    {"action_type": "taxonomy", "roles": [ "RECRUITING_MANAGER", "RECRUITER", "CUSTOMER", "SUPERADMIN", "TAXONOMY_MANAGER"]}
  ]
}