{
  "data": {
    "profile": {
      "contact_information": {
        "person_name": {
          "FormattedName": "Earl Edwards",
          "FamilyName": "Edwards",
          "GivenName": "Earl"
        },
        "mobile": ["1231456789", "1234567890"],
        "other_phone_no": ["9876543210"],
        "email": ["ryan.edwards@example.com"],
        "social_network_links": [
          {"linkedin": ""},
          {"twitter": ""},
          {"facebook": ""}
        ]
      },
      "experience_details": {
        "all_job_titles": []
      },
      "qualifications": {
        "skills": ["Material Control", "Gas", "Software", "Plant & Equipment", "Asset Management", "Workplace"]
      },
      "language": {
        "read": ["English"],
        "speak": ["English"],
        "write": ["English"]
      },
      "certification_license": {
        "license_and_certifications": []
      },
      "publication": {
        "publication_history": []
      },
      "speaking_engagements": {
        "speaking_events_history": []
      },
      "location_details": {
        "availability": "",
        "current_location": "",
        "preferred_location": ""
      },
      "date_of_birth": "",
      "gender": "",
      "nationality": "",
      "internet_web_address": "",
      "education": { 
        "school": ""
      },
      "patents": [],
      "current_salary": 10000,
      "expected_salary": "",
      "preferred_mobile": "",
      "preferred_email": ""
    }
  }
}