{
  "data": {
    "availability": "none",
    "internet_web_address": "",
    "current_location": "",
    "preferred_location": "",
    "date_of_birth": "",
    "gender": "",
    "nationality": "",
    "language": {
      "speak": ["Spanish", "English", "German"],
      "read": ["Spanish", "English", "French"],
      "write": ["Spanish", "English", "French"]
    },
    "social": [
      { "linkedin": "" },
      { "facebook": "" }
    ],
    "email": [
      { "email_id": "ryan.edward@example.com", "preferred": true }
    ],
    "contact_information": {
      "person_name": "Manav"
    },
    "mobile": [
      { "mobile_number": "" }
    ],
    "other_phone": [
      { "other_mobile_number": "" }
    ],
    "current_salary": [
      { "current_salary": 10000 }
    ],
    "expected_salary": [
      { "expected_salary": "" }
    ],
    "preferred_mobile": [
      { "mobileNumber": "" }
    ],
    "preferred_email": [
      { "emailId": "" }
    ],
    "education": [
      { "school": "" }
    ],
    "qualification": [
      { "skills": "" }
    ],
    "licenses": [
      { "list": "" }
    ],
    "certificates": [
      { "list": "" }
    ],
    "patents": [
      { "list": "" }
    ],
    "publications": [
      { "list": "" }
    ],
    "speaking_engagements": [
      { "events": "" }
    ],
    "positions": [
      { "list": "" }
    ],
    "photo": [
      { "image": "" }
    ]
  }
}